{
  "contacts": [
    {
      "{\"id\":\"2\",\"name\":\"Yogesh\",\"email\":\"yvk@gmail.com\",\"city\":\"Madha\",\"{\\\"id\\\":\\\"5\\\",\\\"name\\\":\\\"ram\\\",\\\"email\\\":\\\"abc\\\",\\\"city\\\":\\\"bid\\\"}\":\"\"}": "",
      "id": "2"
    },
    {
      "id": "3",
      "name": "Ramesh",
      "email": "xyz@gmail.com",
      "city": "Pune"
    },
    {
      "id": "4",
      "name": "Umer",
      "email": "umer@gmail.com",
      "city": "Nagpur"
    },
    {
      "id": "5",
      "name": "Ram",
      "email": "ram@gmail.com",
      "city": "Golapur"
    },
    {
      "{\"id\":\"5\",\"name\":\"ram\",\"email\":\"abc\",\"city\":\"bid\"}": "",
      "id": "Qt5aXzO"
    }
  ]
}